batch,case,sample,iterations,ns_per_op,bytes_per_op,allocs_per_op,response_bytes
cold-baseline-reverse,BenchmarkNativeCatalogProfileCold/owner=true/movies,1,10,98073692,37919247,300634,23566
cold-baseline-reverse,BenchmarkNativeCatalogProfileCold/owner=true/movies,2,10,98227346,37927695,300603,23566
cold-baseline-reverse,BenchmarkNativeCatalogProfileCold/owner=true/list,1,10,85336567,19352423,220595,25602
cold-baseline-reverse,BenchmarkNativeCatalogProfileCold/owner=true/list,2,10,63319962,19329645,220590,25602
cold-baseline-reverse,BenchmarkNativeCatalogProfileCold/owner=true/exact,1,10,57573604,14421772,200084,354.0
cold-baseline-reverse,BenchmarkNativeCatalogProfileCold/owner=true/exact,2,10,65904058,14421928,200085,354.0
cold-baseline-reverse,BenchmarkNativeCatalogProfileCold/owner=false/movies,1,10,54216300,21483932,150495,19564
cold-baseline-reverse,BenchmarkNativeCatalogProfileCold/owner=false/movies,2,10,60532183,21483927,150495,19564
cold-baseline-reverse,BenchmarkNativeCatalogProfileCold/owner=false/list,1,10,35776713,12203337,110492,21602
cold-baseline-reverse,BenchmarkNativeCatalogProfileCold/owner=false/list,2,10,33004788,12203337,110492,21602
cold-baseline-reverse,BenchmarkNativeCatalogProfileCold/owner=false/exact,1,10,37824242,9621676,100083,314.0
cold-baseline-reverse,BenchmarkNativeCatalogProfileCold/owner=false/exact,2,10,43183954,9621676,100083,314.0
cold-baseline,BenchmarkNativeCatalogProfileCold/owner=true/movies,1,10,112806950,37941986,300638,23566
cold-baseline,BenchmarkNativeCatalogProfileCold/owner=true/movies,2,10,94834596,37927698,300603,23566
cold-baseline,BenchmarkNativeCatalogProfileCold/owner=true/movies,3,10,106268388,37916300,300601,23566
cold-baseline,BenchmarkNativeCatalogProfileCold/owner=true/list,1,10,49094388,19363817,220598,25602
cold-baseline,BenchmarkNativeCatalogProfileCold/owner=true/list,2,10,63249954,19329629,220590,25602
cold-baseline,BenchmarkNativeCatalogProfileCold/owner=true/list,3,10,58186792,19341024,220593,25602
cold-baseline,BenchmarkNativeCatalogProfileCold/owner=true/exact,1,10,61228500,14421772,200084,354.0
cold-baseline,BenchmarkNativeCatalogProfileCold/owner=true/exact,2,10,52068579,14421772,200084,354.0
cold-baseline,BenchmarkNativeCatalogProfileCold/owner=true/exact,3,10,60206838,14421772,200084,354.0
cold-baseline,BenchmarkNativeCatalogProfileCold/owner=false/movies,1,10,64044837,21483925,150495,19564
cold-baseline,BenchmarkNativeCatalogProfileCold/owner=false/movies,2,10,54425392,21483928,150495,19564
cold-baseline,BenchmarkNativeCatalogProfileCold/owner=false/movies,3,10,55442504,21483927,150495,19564
cold-baseline,BenchmarkNativeCatalogProfileCold/owner=false/list,1,10,32239237,12220392,110497,21602
cold-baseline,BenchmarkNativeCatalogProfileCold/owner=false/list,2,10,33827254,12203340,110492,21602
cold-baseline,BenchmarkNativeCatalogProfileCold/owner=false/list,3,10,42999683,12211864,110495,21602
cold-baseline,BenchmarkNativeCatalogProfileCold/owner=false/exact,1,10,37924896,9621988,100086,314.0
cold-baseline,BenchmarkNativeCatalogProfileCold/owner=false/exact,2,10,36488975,9621392,100083,314.0
cold-baseline,BenchmarkNativeCatalogProfileCold/owner=false/exact,3,10,37249467,9621392,100083,314.0
cold-candidate-reverse,BenchmarkNativeCatalogProfileCold/owner=true/movies,1,10,62227371,24301942,100630,23566
cold-candidate-reverse,BenchmarkNativeCatalogProfileCold/owner=true/movies,2,10,71687509,24264832,100590,23566
cold-candidate-reverse,BenchmarkNativeCatalogProfileCold/owner=true/list,1,10,36300058,11174113,120592,25602
cold-candidate-reverse,BenchmarkNativeCatalogProfileCold/owner=true/list,2,10,35335171,11185508,120594,25602
cold-candidate-reverse,BenchmarkNativeCatalogProfileCold/owner=true/exact,1,10,44115529,1618720,85,354.0
cold-candidate-reverse,BenchmarkNativeCatalogProfileCold/owner=true/exact,2,10,41791471,1618252,81,354.0
cold-candidate-reverse,BenchmarkNativeCatalogProfileCold/owner=false/movies,1,10,45689629,13070921,50491,19564
cold-candidate-reverse,BenchmarkNativeCatalogProfileCold/owner=false/movies,2,10,42707650,13070924,50491,19564
cold-candidate-reverse,BenchmarkNativeCatalogProfileCold/owner=false/list,1,10,25105850,6501008,60486,21602
cold-candidate-reverse,BenchmarkNativeCatalogProfileCold/owner=false/list,2,10,29440925,6518060,60491,21602
cold-candidate-reverse,BenchmarkNativeCatalogProfileCold/owner=false/exact,1,10,38804413,1618156,80,314.0
cold-candidate-reverse,BenchmarkNativeCatalogProfileCold/owner=false/exact,2,10,33320288,1618312,82,314.0
cold-candidate,BenchmarkNativeCatalogProfileCold/owner=true/movies,1,10,68019750,24301937,100630,23566
cold-candidate,BenchmarkNativeCatalogProfileCold/owner=true/movies,2,10,66726179,24299016,100597,23566
cold-candidate,BenchmarkNativeCatalogProfileCold/owner=true/movies,3,10,65762533,24310408,100600,23566
cold-candidate,BenchmarkNativeCatalogProfileCold/owner=true/list,1,10,46432679,11185511,120594,25602
cold-candidate,BenchmarkNativeCatalogProfileCold/owner=true/list,2,10,41416671,11185511,120594,25602
cold-candidate,BenchmarkNativeCatalogProfileCold/owner=true/list,3,10,44799538,11185520,120594,25602
cold-candidate,BenchmarkNativeCatalogProfileCold/owner=true/exact,1,10,34949433,1618252,81,354.0
cold-candidate,BenchmarkNativeCatalogProfileCold/owner=true/exact,2,10,33971987,1618252,81,354.0
cold-candidate,BenchmarkNativeCatalogProfileCold/owner=true/exact,3,10,43579567,1618252,81,354.0
cold-candidate,BenchmarkNativeCatalogProfileCold/owner=false/movies,1,10,47286504,13062396,50489,19564
cold-candidate,BenchmarkNativeCatalogProfileCold/owner=false/movies,2,10,44355113,13062397,50489,19564
cold-candidate,BenchmarkNativeCatalogProfileCold/owner=false/movies,3,10,40497625,13070921,50491,19564
cold-candidate,BenchmarkNativeCatalogProfileCold/owner=false/list,1,10,25979037,6526588,60493,21602
cold-candidate,BenchmarkNativeCatalogProfileCold/owner=false/list,2,10,29408258,6518060,60491,21602
cold-candidate,BenchmarkNativeCatalogProfileCold/owner=false/list,3,10,33524421,6509531,60488,21602
cold-candidate,BenchmarkNativeCatalogProfileCold/owner=false/exact,1,10,28027446,1618312,82,314.0
cold-candidate,BenchmarkNativeCatalogProfileCold/owner=false/exact,2,10,26600471,1618156,80,314.0
cold-candidate,BenchmarkNativeCatalogProfileCold/owner=false/exact,3,10,26071467,1618312,82,314.0
interleaved-owner-false-all-0-baseline,BenchmarkNativeCatalogProfileProjection/100000/owner=false/all,1,42,89111020,10234077,100477,19561
interleaved-owner-false-all-0-baseline,BenchmarkNativeCatalogProfileProjection/100000/owner=false/all,2,30,76531432,10235757,100477,19561
interleaved-owner-false-all-1-candidate,BenchmarkNativeCatalogProfileProjection/100000/owner=false/all,1,91,42347981,1827305,475,19561
interleaved-owner-false-all-1-candidate,BenchmarkNativeCatalogProfileProjection/100000/owner=false/all,2,87,28901692,1826413,475,19561
interleaved-owner-false-all-2-candidate,BenchmarkNativeCatalogProfileProjection/100000/owner=false/all,1,66,36102057,1828028,475,19561
interleaved-owner-false-all-2-candidate,BenchmarkNativeCatalogProfileProjection/100000/owner=false/all,2,73,39785567,1828944,476,19561
interleaved-owner-false-all-3-baseline,BenchmarkNativeCatalogProfileProjection/100000/owner=false/all,1,32,74214594,10238054,100478,19561
interleaved-owner-false-all-3-baseline,BenchmarkNativeCatalogProfileProjection/100000/owner=false/all,2,40,79468349,10236419,100478,19561
interleaved-owner-false-history-0-baseline,BenchmarkNativeCatalogProfileProjection/100000/owner=false/history,1,19,135279257,12190279,110491,21605
interleaved-owner-false-history-0-baseline,BenchmarkNativeCatalogProfileProjection/100000/owner=false/history,2,15,142198519,12176855,110487,21605
interleaved-owner-false-history-1-candidate,BenchmarkNativeCatalogProfileProjection/100000/owner=false/history,1,19,159886121,9785792,60489,21605
interleaved-owner-false-history-1-candidate,BenchmarkNativeCatalogProfileProjection/100000/owner=false/history,2,20,119766658,9776808,60487,21605
interleaved-owner-false-history-2-candidate,BenchmarkNativeCatalogProfileProjection/100000/owner=false/history,1,40,103032581,9785334,60489,21605
interleaved-owner-false-history-2-candidate,BenchmarkNativeCatalogProfileProjection/100000/owner=false/history,2,28,85305564,9785906,60489,21605
interleaved-owner-false-history-3-baseline,BenchmarkNativeCatalogProfileProjection/100000/owner=false/history,1,16,146690315,12187503,110490,21605
interleaved-owner-false-history-3-baseline,BenchmarkNativeCatalogProfileProjection/100000/owner=false/history,2,22,126621576,12180670,110488,21605
interleaved-owner-false-unwatched-0-baseline,BenchmarkNativeCatalogProfileProjection/100000/owner=false/unwatched,1,20,107539738,10197599,100478,19255
interleaved-owner-false-unwatched-0-baseline,BenchmarkNativeCatalogProfileProjection/100000/owner=false/unwatched,2,28,104235899,10192076,100477,19255
interleaved-owner-false-unwatched-1-candidate,BenchmarkNativeCatalogProfileProjection/100000/owner=false/unwatched,1,56,47967118,4230028,50476,19255
interleaved-owner-false-unwatched-1-candidate,BenchmarkNativeCatalogProfileProjection/100000/owner=false/unwatched,2,50,76594898,4225465,50475,19255
interleaved-owner-false-unwatched-2-candidate,BenchmarkNativeCatalogProfileProjection/100000/owner=false/unwatched,1,18,114409940,4230304,50476,19255
interleaved-owner-false-unwatched-2-candidate,BenchmarkNativeCatalogProfileProjection/100000/owner=false/unwatched,2,40,100509864,4231875,50476,19255
interleaved-owner-false-unwatched-3-baseline,BenchmarkNativeCatalogProfileProjection/100000/owner=false/unwatched,1,39,83991513,10200008,100479,19255
interleaved-owner-false-unwatched-3-baseline,BenchmarkNativeCatalogProfileProjection/100000/owner=false/unwatched,2,38,134485260,10195813,100478,19255
interleaved-owner-true-all-0-baseline,BenchmarkNativeCatalogProfileProjection/100000/owner=true/all,1,10,269960425,15461667,200581,23563
interleaved-owner-true-all-0-baseline,BenchmarkNativeCatalogProfileProjection/100000/owner=true/all,2,12,192235924,15448320,200578,23563
interleaved-owner-true-all-1-candidate,BenchmarkNativeCatalogProfileProjection/100000/owner=true/all,1,100,22201708,1833864,575,23563
interleaved-owner-true-all-1-candidate,BenchmarkNativeCatalogProfileProjection/100000/owner=true/all,2,96,28074622,1832725,575,23563
interleaved-owner-true-all-2-candidate,BenchmarkNativeCatalogProfileProjection/100000/owner=true/all,1,100,23904498,1835003,575,23563
interleaved-owner-true-all-2-candidate,BenchmarkNativeCatalogProfileProjection/100000/owner=true/all,2,99,23552106,1833876,575,23563
interleaved-owner-true-all-3-baseline,BenchmarkNativeCatalogProfileProjection/100000/owner=true/all,1,20,111670408,15461659,200581,23563
interleaved-owner-true-all-3-baseline,BenchmarkNativeCatalogProfileProjection/100000/owner=true/all,2,25,122767485,15457047,200580,23563
interleaved-owner-true-exact-0-baseline,BenchmarkNativeCatalogProfileProjection/100000/owner=true/exact,1,19,126169204,14420716,200084,354.0
interleaved-owner-true-exact-0-baseline,BenchmarkNativeCatalogProfileProjection/100000/owner=true/exact,2,24,98603505,14420622,200082,354.0
interleaved-owner-true-exact-1-candidate,BenchmarkNativeCatalogProfileProjection/100000/owner=true/exact,1,38,56654908,1617356,81,354.0
interleaved-owner-true-exact-1-candidate,BenchmarkNativeCatalogProfileProjection/100000/owner=true/exact,2,49,53789997,1617394,81,354.0
interleaved-owner-true-exact-2-candidate,BenchmarkNativeCatalogProfileProjection/100000/owner=true/exact,1,40,51472769,1617428,82,354.0
interleaved-owner-true-exact-2-candidate,BenchmarkNativeCatalogProfileProjection/100000/owner=true/exact,2,50,61639405,1617296,81,354.0
interleaved-owner-true-exact-3-baseline,BenchmarkNativeCatalogProfileProjection/100000/owner=true/exact,1,15,152781217,14420822,200084,354.0
interleaved-owner-true-exact-3-baseline,BenchmarkNativeCatalogProfileProjection/100000/owner=true/exact,2,18,190769523,14420479,200082,354.0
interleaved-owner-true-history-0-baseline,BenchmarkNativeCatalogProfileProjection/100000/owner=true/history,1,14,207090848,19322236,220590,25605
interleaved-owner-true-history-0-baseline,BenchmarkNativeCatalogProfileProjection/100000/owner=true/history,2,7,359323565,19306164,220587,25605
interleaved-owner-true-history-1-candidate,BenchmarkNativeCatalogProfileProjection/100000/owner=true/history,1,20,231924598,14523132,120591,25605
interleaved-owner-true-history-1-candidate,BenchmarkNativeCatalogProfileProjection/100000/owner=true/history,2,14,202985798,14530377,120592,25605
interleaved-owner-true-history-2-candidate,BenchmarkNativeCatalogProfileProjection/100000/owner=true/history,1,20,126142923,14523130,120591,25605
interleaved-owner-true-history-2-candidate,BenchmarkNativeCatalogProfileProjection/100000/owner=true/history,2,21,123381883,14522304,120591,25605
interleaved-owner-true-history-3-baseline,BenchmarkNativeCatalogProfileProjection/100000/owner=true/history,1,13,154634654,19323502,220591,25605
interleaved-owner-true-history-3-baseline,BenchmarkNativeCatalogProfileProjection/100000/owner=true/history,2,15,170289086,19336520,220594,25605
interleaved-owner-true-unwatched-0-baseline,BenchmarkNativeCatalogProfileProjection/100000/owner=true/unwatched,1,20,164079504,15379754,200581,23273
interleaved-owner-true-unwatched-0-baseline,BenchmarkNativeCatalogProfileProjection/100000/owner=true/unwatched,2,9,232761444,15394977,200585,23273
interleaved-owner-true-unwatched-1-candidate,BenchmarkNativeCatalogProfileProjection/100000/owner=true/unwatched,1,30,117373135,6636598,100575,23273
interleaved-owner-true-unwatched-1-candidate,BenchmarkNativeCatalogProfileProjection/100000/owner=true/unwatched,2,10,214065971,6632992,100575,23273
interleaved-owner-true-unwatched-2-candidate,BenchmarkNativeCatalogProfileProjection/100000/owner=true/unwatched,1,19,154193507,6644849,100577,23273
interleaved-owner-true-unwatched-2-candidate,BenchmarkNativeCatalogProfileProjection/100000/owner=true/unwatched,2,33,144033827,6636244,100575,23273
interleaved-owner-true-unwatched-3-baseline,BenchmarkNativeCatalogProfileProjection/100000/owner=true/unwatched,1,16,216705060,15378216,200580,23273
interleaved-owner-true-unwatched-3-baseline,BenchmarkNativeCatalogProfileProjection/100000/owner=true/unwatched,2,18,244316956,15356832,200576,23273
legacy-baseline-reverse,BenchmarkNativeCatalogNavigation/10000/browse,1,246,2167104,786153,477,19286
legacy-baseline-reverse,BenchmarkNativeCatalogNavigation/10000/browse,2,298,1955840,781877,476,19286
legacy-baseline-reverse,BenchmarkNativeCatalogNavigation/10000/browse,3,326,1916878,781802,476,19286
legacy-baseline-reverse,BenchmarkNativeCatalogNavigation/10000/search,1,177,3226854,494824,81,316.0
legacy-baseline-reverse,BenchmarkNativeCatalogNavigation/10000/search,2,192,3368890,494831,81,316.0
legacy-baseline-reverse,BenchmarkNativeCatalogNavigation/10000/search,3,150,3794854,494839,81,316.0
legacy-baseline-reverse,BenchmarkNativeCatalogNavigation/100000/browse,1,20,26420162,6321195,480,19668
legacy-baseline-reverse,BenchmarkNativeCatalogNavigation/100000/browse,2,26,23272199,5830661,477,19668
legacy-baseline-reverse,BenchmarkNativeCatalogNavigation/100000/browse,3,24,25025200,5830944,477,19668
legacy-baseline-reverse,BenchmarkNativeCatalogNavigation/100000/search,1,14,38956982,4820746,84,321.0
legacy-baseline-reverse,BenchmarkNativeCatalogNavigation/100000/search,2,15,36159250,4820398,81,321.0
legacy-baseline-reverse,BenchmarkNativeCatalogNavigation/100000/search,3,15,34089036,4820502,82,321.0
legacy-baseline-reverse,BenchmarkLargeLibraryBrowse,1,171,3352938,1449422,11565,25319
legacy-baseline-reverse,BenchmarkLargeLibraryBrowse,2,154,4268417,1449957,11564,25319
legacy-baseline-reverse,BenchmarkLargeLibraryBrowse,3,100,5411645,1453462,11564,25319
legacy-baseline-reverse,BenchmarkLargeLibraryKnownTitleNavigation/search,1,64,8162016,996279,8961,
legacy-baseline-reverse,BenchmarkLargeLibraryKnownTitleNavigation/search,2,92,6413065,996191,8961,
legacy-baseline-reverse,BenchmarkLargeLibraryKnownTitleNavigation/search,3,82,6136328,996319,8961,
legacy-baseline-reverse,BenchmarkLargeLibraryKnownTitleNavigation/letter,1,163,3615897,1450429,11579,
legacy-baseline-reverse,BenchmarkLargeLibraryKnownTitleNavigation/letter,2,168,3510636,1444317,11579,
legacy-baseline-reverse,BenchmarkLargeLibraryKnownTitleNavigation/letter,3,189,3177347,1444359,11579,
legacy-baseline,BenchmarkNativeCatalogNavigation/10000/browse,1,241,2400149,785906,477,19286
legacy-baseline,BenchmarkNativeCatalogNavigation/10000/browse,2,248,2212060,781355,476,19286
legacy-baseline,BenchmarkNativeCatalogNavigation/10000/browse,3,270,2167829,782600,476,19286
legacy-baseline,BenchmarkNativeCatalogNavigation/10000/search,1,172,3342873,494834,81,316.0
legacy-baseline,BenchmarkNativeCatalogNavigation/10000/search,2,188,3238381,494823,81,316.0
legacy-baseline,BenchmarkNativeCatalogNavigation/10000/search,3,177,3238815,494833,81,316.0
legacy-baseline,BenchmarkNativeCatalogNavigation/100000/browse,1,21,25527312,6289552,478,19668
legacy-baseline,BenchmarkNativeCatalogNavigation/100000/browse,2,26,22208075,5837221,478,19668
legacy-baseline,BenchmarkNativeCatalogNavigation/100000/browse,3,18,35471049,5836907,478,19668
legacy-baseline,BenchmarkNativeCatalogNavigation/100000/search,1,10,54946758,4820545,81,321.0
legacy-baseline,BenchmarkNativeCatalogNavigation/100000/search,2,12,49163632,4820620,82,321.0
legacy-baseline,BenchmarkNativeCatalogNavigation/100000/search,3,13,40859292,4820548,82,321.0
legacy-baseline,BenchmarkLargeLibraryBrowse,1,106,4970139,1453025,11565,25319
legacy-baseline,BenchmarkLargeLibraryBrowse,2,136,4230118,1450857,11564,25319
legacy-baseline,BenchmarkLargeLibraryBrowse,3,129,4920018,1451306,11564,25319
legacy-baseline,BenchmarkLargeLibraryKnownTitleNavigation/search,1,123,4956989,996229,8961,
legacy-baseline,BenchmarkLargeLibraryKnownTitleNavigation/search,2,118,5015145,996231,8961,
legacy-baseline,BenchmarkLargeLibraryKnownTitleNavigation/search,3,100,5681179,996190,8961,
legacy-baseline,BenchmarkLargeLibraryKnownTitleNavigation/letter,1,142,4143586,1451322,11579,
legacy-baseline,BenchmarkLargeLibraryKnownTitleNavigation/letter,2,176,3384932,1444340,11579,
legacy-baseline,BenchmarkLargeLibraryKnownTitleNavigation/letter,3,183,3366837,1444308,11579,
legacy-candidate-reverse,BenchmarkNativeCatalogNavigation/10000/browse,1,418,1398901,382624,475,19286
legacy-candidate-reverse,BenchmarkNativeCatalogNavigation/10000/browse,2,492,1161241,379597,475,19286
legacy-candidate-reverse,BenchmarkNativeCatalogNavigation/10000/browse,3,453,1201129,379974,475,19286
legacy-candidate-reverse,BenchmarkNativeCatalogNavigation/10000/search,1,207,3000331,175322,80,316.0
legacy-candidate-reverse,BenchmarkNativeCatalogNavigation/10000/search,2,194,2929645,175334,80,316.0
legacy-candidate-reverse,BenchmarkNativeCatalogNavigation/10000/search,3,219,2729018,175331,80,316.0
legacy-candidate-reverse,BenchmarkNativeCatalogNavigation/100000/search,1,18,31401113,1617373,80,321.0
legacy-candidate-reverse,BenchmarkNativeCatalogNavigation/100000/search,2,18,28713127,1617460,81,321.0
legacy-candidate-reverse,BenchmarkNativeCatalogNavigation/100000/search,3,20,28609871,1617427,81,321.0
legacy-candidate-reverse,BenchmarkNativeCatalogNavigation/100000/browse,1,40,13904435,2064042,475,19668
legacy-candidate-reverse,BenchmarkNativeCatalogNavigation/100000/browse,2,48,12115782,1823220,475,19668
legacy-candidate-reverse,BenchmarkNativeCatalogNavigation/100000/browse,3,49,13543420,1824923,476,19668
legacy-candidate-reverse,BenchmarkLargeLibraryBrowse,1,123,4576611,1050296,11564,25319
legacy-candidate-reverse,BenchmarkLargeLibraryBrowse,2,124,4453114,1049990,11563,25319
legacy-candidate-reverse,BenchmarkLargeLibraryBrowse,3,117,4347635,1050510,11563,25319
legacy-candidate-reverse,BenchmarkLargeLibraryKnownTitleNavigation/search,1,138,4251981,676765,8960,
legacy-candidate-reverse,BenchmarkLargeLibraryKnownTitleNavigation/search,2,146,3980004,676725,8960,
legacy-candidate-reverse,BenchmarkLargeLibraryKnownTitleNavigation/search,3,166,3482950,676781,8960,
legacy-candidate-reverse,BenchmarkLargeLibraryKnownTitleNavigation/letter,1,258,2297561,1046671,11578,
legacy-candidate-reverse,BenchmarkLargeLibraryKnownTitleNavigation/letter,2,248,2515852,1042894,11578,
legacy-candidate-reverse,BenchmarkLargeLibraryKnownTitleNavigation/letter,3,172,3447375,1042838,11578,
legacy-candidate,BenchmarkNativeCatalogNavigation/10000/browse,1,439,1325284,382090,475,19286
legacy-candidate,BenchmarkNativeCatalogNavigation/10000/browse,2,505,1139395,379597,475,19286
legacy-candidate,BenchmarkNativeCatalogNavigation/10000/browse,3,494,1314249,379943,475,19286
legacy-candidate,BenchmarkNativeCatalogNavigation/10000/search,1,204,2752248,175325,80,316.0
legacy-candidate,BenchmarkNativeCatalogNavigation/10000/search,2,208,2746556,175317,80,316.0
legacy-candidate,BenchmarkNativeCatalogNavigation/10000/search,3,208,2840177,175340,80,316.0
legacy-candidate,BenchmarkNativeCatalogNavigation/100000/browse,1,37,14008681,2086065,476,19668
legacy-candidate,BenchmarkNativeCatalogNavigation/100000/browse,2,50,12500382,1824852,476,19668
legacy-candidate,BenchmarkNativeCatalogNavigation/100000/browse,3,44,12969500,1825325,476,19668
legacy-candidate,BenchmarkNativeCatalogNavigation/100000/search,1,20,34152521,1617452,81,321.0
legacy-candidate,BenchmarkNativeCatalogNavigation/100000/search,2,14,40986092,1617555,82,321.0
legacy-candidate,BenchmarkNativeCatalogNavigation/100000/search,3,12,47728108,1617366,80,321.0
legacy-candidate,BenchmarkLargeLibraryBrowse,1,138,3766161,1049319,11564,25319
legacy-candidate,BenchmarkLargeLibraryBrowse,2,170,3074929,1047867,11563,25319
legacy-candidate,BenchmarkLargeLibraryBrowse,3,234,2487008,1046277,11563,25319
legacy-candidate,BenchmarkLargeLibraryKnownTitleNavigation/search,1,133,4318526,676768,8960,
legacy-candidate,BenchmarkLargeLibraryKnownTitleNavigation/search,2,160,3682002,676689,8960,
legacy-candidate,BenchmarkLargeLibraryKnownTitleNavigation/search,3,156,3719986,676788,8960,
legacy-candidate,BenchmarkLargeLibraryKnownTitleNavigation/letter,1,225,2826742,1047261,11578,
legacy-candidate,BenchmarkLargeLibraryKnownTitleNavigation/letter,2,183,3275351,1042836,11578,
legacy-candidate,BenchmarkLargeLibraryKnownTitleNavigation/letter,3,220,2664937,1042859,11578,
warm-baseline-reverse,BenchmarkNativeCatalogProfileProjection/10000/owner=true/all,1,145,4096007,1755494,20576,23561
warm-baseline-reverse,BenchmarkNativeCatalogProfileProjection/10000/owner=true/all,2,184,3295845,1754820,20576,23561
warm-baseline-reverse,BenchmarkNativeCatalogProfileProjection/10000/owner=true/all,3,181,3262592,1753602,20576,23561
warm-baseline-reverse,BenchmarkNativeCatalogProfileProjection/10000/owner=true/movies,1,205,2996231,1753451,20576,23564
warm-baseline-reverse,BenchmarkNativeCatalogProfileProjection/10000/owner=true/movies,2,210,2954508,1754509,20576,23564
warm-baseline-reverse,BenchmarkNativeCatalogProfileProjection/10000/owner=true/movies,3,178,3712566,1755547,20576,23564
warm-baseline-reverse,BenchmarkNativeCatalogProfileProjection/10000/owner=true/list,1,139,4505088,1692784,20576,25600
warm-baseline-reverse,BenchmarkNativeCatalogProfileProjection/10000/owner=true/list,2,150,3744336,1689502,20576,25600
warm-baseline-reverse,BenchmarkNativeCatalogProfileProjection/10000/owner=true/list,3,187,3134521,1690713,20576,25600
warm-baseline-reverse,BenchmarkNativeCatalogProfileProjection/10000/owner=true/unwatched,1,198,3177585,1745307,20576,23271
warm-baseline-reverse,BenchmarkNativeCatalogProfileProjection/10000/owner=true/unwatched,2,188,3178207,1746583,20576,23271
warm-baseline-reverse,BenchmarkNativeCatalogProfileProjection/10000/owner=true/unwatched,3,207,3124152,1746357,20576,23271
warm-baseline-reverse,BenchmarkNativeCatalogProfileProjection/10000/owner=true/history,1,122,4992804,2155064,22587,25603
warm-baseline-reverse,BenchmarkNativeCatalogProfileProjection/10000/owner=true/history,2,100,5610678,2157970,22588,25603
warm-baseline-reverse,BenchmarkNativeCatalogProfileProjection/10000/owner=true/history,3,118,5162117,2158058,22588,25603
warm-baseline-reverse,BenchmarkNativeCatalogProfileProjection/10000/owner=true/exact,1,91,6274704,1455009,20082,354.0
warm-baseline-reverse,BenchmarkNativeCatalogProfileProjection/10000/owner=true/exact,2,100,5080131,1455019,20082,354.0
warm-baseline-reverse,BenchmarkNativeCatalogProfileProjection/10000/owner=true/exact,3,126,4814561,1455003,20082,354.0
warm-baseline-reverse,BenchmarkNativeCatalogProfileProjection/10000/owner=false/all,1,247,2453050,1225460,10476,19559
warm-baseline-reverse,BenchmarkNativeCatalogProfileProjection/10000/owner=false/all,2,277,2201176,1225000,10476,19559
warm-baseline-reverse,BenchmarkNativeCatalogProfileProjection/10000/owner=false/all,3,276,2145819,1225621,10476,19559
warm-baseline-reverse,BenchmarkNativeCatalogProfileProjection/10000/owner=false/movies,1,282,2569684,1224681,10476,19562
warm-baseline-reverse,BenchmarkNativeCatalogProfileProjection/10000/owner=false/movies,2,236,2532672,1225164,10476,19562
warm-baseline-reverse,BenchmarkNativeCatalogProfileProjection/10000/owner=false/movies,3,211,2792401,1225295,10476,19562
warm-baseline-reverse,BenchmarkNativeCatalogProfileProjection/10000/owner=false/list,1,247,2753910,1193281,10476,21600
warm-baseline-reverse,BenchmarkNativeCatalogProfileProjection/10000/owner=false/list,2,240,2684928,1194013,10476,21600
warm-baseline-reverse,BenchmarkNativeCatalogProfileProjection/10000/owner=false/list,3,248,2365442,1193622,10476,21600
warm-baseline-reverse,BenchmarkNativeCatalogProfileProjection/10000/owner=false/unwatched,1,298,2076791,1225227,10476,19253
warm-baseline-reverse,BenchmarkNativeCatalogProfileProjection/10000/owner=false/unwatched,2,303,2020660,1225490,10476,19253
warm-baseline-reverse,BenchmarkNativeCatalogProfileProjection/10000/owner=false/unwatched,3,288,2107515,1224972,10476,19253
warm-baseline-reverse,BenchmarkNativeCatalogProfileProjection/10000/owner=false/history,1,234,2834261,1431225,11487,21603
warm-baseline-reverse,BenchmarkNativeCatalogProfileProjection/10000/owner=false/history,2,163,3784979,1431667,11487,21603
warm-baseline-reverse,BenchmarkNativeCatalogProfileProjection/10000/owner=false/history,3,163,3532198,1431143,11487,21603
warm-baseline-reverse,BenchmarkNativeCatalogProfileProjection/10000/owner=false/exact,1,190,3176741,974887,10081,314.0
warm-baseline-reverse,BenchmarkNativeCatalogProfileProjection/10000/owner=false/exact,2,192,2940124,974870,10081,314.0
warm-baseline-reverse,BenchmarkNativeCatalogProfileProjection/10000/owner=false/exact,3,219,2750902,974895,10081,314.0
warm-baseline-reverse,BenchmarkNativeCatalogProfileProjection/100000/owner=true/all,1,15,39255422,15461565,200581,23563
warm-baseline-reverse,BenchmarkNativeCatalogProfileProjection/100000/owner=true/all,2,10,56574904,15438870,200576,23563
warm-baseline-reverse,BenchmarkNativeCatalogProfileProjection/100000/owner=true/all,3,15,42408714,15446372,200577,23563
warm-baseline-reverse,BenchmarkNativeCatalogProfileProjection/100000/owner=true/movies,1,12,44876920,15448318,200578,23566
warm-baseline-reverse,BenchmarkNativeCatalogProfileProjection/100000/owner=true/movies,2,13,41577638,15447569,200578,23566
warm-baseline-reverse,BenchmarkNativeCatalogProfileProjection/100000/owner=true/movies,3,13,42254679,15456334,200580,23566
warm-baseline-reverse,BenchmarkNativeCatalogProfileProjection/100000/owner=true/list,1,15,33855236,14802487,200576,25602
warm-baseline-reverse,BenchmarkNativeCatalogProfileProjection/100000/owner=true/list,2,15,35575694,14817680,200579,25602
warm-baseline-reverse,BenchmarkNativeCatalogProfileProjection/100000/owner=true/list,3,15,46181000,14810083,200577,25602
warm-baseline-reverse,BenchmarkNativeCatalogProfileProjection/100000/owner=true/unwatched,1,13,49963965,15374424,200580,23273
warm-baseline-reverse,BenchmarkNativeCatalogProfileProjection/100000/owner=true/unwatched,2,14,36920333,15365017,200578,23273
warm-baseline-reverse,BenchmarkNativeCatalogProfileProjection/100000/owner=true/unwatched,3,14,40633482,15356876,200576,23273
warm-baseline-reverse,BenchmarkNativeCatalogProfileProjection/100000/owner=true/history,1,10,55213408,19328828,220592,25605
warm-baseline-reverse,BenchmarkNativeCatalogProfileProjection/100000/owner=true/history,2,10,52876221,19306040,220587,25605
warm-baseline-reverse,BenchmarkNativeCatalogProfileProjection/100000/owner=true/history,3,12,48618226,19305992,220587,25605
warm-baseline-reverse,BenchmarkNativeCatalogProfileProjection/100000/owner=true/exact,1,10,52909550,14420760,200083,354.0
warm-baseline-reverse,BenchmarkNativeCatalogProfileProjection/100000/owner=true/exact,2,9,61173097,14420984,200085,354.0
warm-baseline-reverse,BenchmarkNativeCatalogProfileProjection/100000/owner=true/exact,3,8,64739307,14421068,200085,354.0
warm-baseline-reverse,BenchmarkNativeCatalogProfileProjection/100000/owner=false/all,1,15,35613275,10241442,100479,19561
warm-baseline-reverse,BenchmarkNativeCatalogProfileProjection/100000/owner=false/all,2,21,28287581,10234077,100477,19561
warm-baseline-reverse,BenchmarkNativeCatalogProfileProjection/100000/owner=false/all,3,24,25554406,10240659,100479,19561
warm-baseline-reverse,BenchmarkNativeCatalogProfileProjection/100000/owner=false/movies,1,21,27925496,10234077,100477,19564
warm-baseline-reverse,BenchmarkNativeCatalogProfileProjection/100000/owner=false/movies,2,15,52876653,10241441,100479,19564
warm-baseline-reverse,BenchmarkNativeCatalogProfileProjection/100000/owner=false/movies,3,15,40889803,10235756,100477,19564
warm-baseline-reverse,BenchmarkNativeCatalogProfileProjection/100000/owner=false/list,1,21,26002587,9915870,100477,21602
warm-baseline-reverse,BenchmarkNativeCatalogProfileProjection/100000/owner=false/list,2,24,23385059,9922451,100479,21602
warm-baseline-reverse,BenchmarkNativeCatalogProfileProjection/100000/owner=false/list,3,25,22849743,9918608,100478,21602
warm-baseline-reverse,BenchmarkNativeCatalogProfileProjection/100000/owner=false/unwatched,1,24,25889273,10192600,100477,19255
warm-baseline-reverse,BenchmarkNativeCatalogProfileProjection/100000/owner=false/unwatched,2,19,35609423,10198056,100478,19255
warm-baseline-reverse,BenchmarkNativeCatalogProfileProjection/100000/owner=false/unwatched,3,20,27020435,10189072,100476,19255
warm-baseline-reverse,BenchmarkNativeCatalogProfileProjection/100000/owner=false/history,1,16,32260617,12182172,110488,21605
warm-baseline-reverse,BenchmarkNativeCatalogProfileProjection/100000/owner=false/history,2,18,30486516,12186297,110489,21605
warm-baseline-reverse,BenchmarkNativeCatalogProfileProjection/100000/owner=false/history,3,18,31073060,12191036,110491,21605
warm-baseline-reverse,BenchmarkNativeCatalogProfileProjection/100000/owner=false/exact,1,15,37436183,9620622,100082,314.0
warm-baseline-reverse,BenchmarkNativeCatalogProfileProjection/100000/owner=false/exact,2,14,40247929,9620762,100084,314.0
warm-baseline-reverse,BenchmarkNativeCatalogProfileProjection/100000/owner=false/exact,3,14,46022092,9620428,100081,314.0
warm-baseline,BenchmarkNativeCatalogProfileProjection/10000/owner=true/all,1,100,6525338,1753480,20576,23561
warm-baseline,BenchmarkNativeCatalogProfileProjection/10000/owner=true/all,2,100,7581174,1754619,20576,23561
warm-baseline,BenchmarkNativeCatalogProfileProjection/10000/owner=true/all,3,86,5889936,1752345,20576,23561
warm-baseline,BenchmarkNativeCatalogProfileProjection/10000/owner=true/all,4,134,4720274,1756606,20576,23561
warm-baseline,BenchmarkNativeCatalogProfileProjection/10000/owner=true/all,5,127,4797615,1755049,20576,23561
warm-baseline,BenchmarkNativeCatalogProfileProjection/10000/owner=true/movies,1,88,5854200,1753639,20576,23564
warm-baseline,BenchmarkNativeCatalogProfileProjection/10000/owner=true/movies,2,100,9297062,1754619,20576,23564
warm-baseline,BenchmarkNativeCatalogProfileProjection/10000/owner=true/movies,3,126,4701925,1754166,20576,23564
warm-baseline,BenchmarkNativeCatalogProfileProjection/10000/owner=true/movies,4,139,4614545,1753992,20576,23564
warm-baseline,BenchmarkNativeCatalogProfileProjection/10000/owner=true/movies,5,138,4325001,1755656,20576,23564
warm-baseline,BenchmarkNativeCatalogProfileProjection/10000/owner=true/list,1,152,3934487,1691001,20576,25600
warm-baseline,BenchmarkNativeCatalogProfileProjection/10000/owner=true/list,2,170,3497639,1692178,20576,25600
warm-baseline,BenchmarkNativeCatalogProfileProjection/10000/owner=true/list,3,172,3791858,1691484,20576,25600
warm-baseline,BenchmarkNativeCatalogProfileProjection/10000/owner=true/list,4,174,3667660,1691461,20576,25600
warm-baseline,BenchmarkNativeCatalogProfileProjection/10000/owner=true/list,5,159,3840130,1691650,20576,25600
warm-baseline,BenchmarkNativeCatalogProfileProjection/10000/owner=true/unwatched,1,163,3768426,1746960,20576,23271
warm-baseline,BenchmarkNativeCatalogProfileProjection/10000/owner=true/unwatched,2,172,3543059,1746149,20576,23271
warm-baseline,BenchmarkNativeCatalogProfileProjection/10000/owner=true/unwatched,3,148,4008023,1747247,20576,23271
warm-baseline,BenchmarkNativeCatalogProfileProjection/10000/owner=true/unwatched,4,204,2788391,1745273,20576,23271
warm-baseline,BenchmarkNativeCatalogProfileProjection/10000/owner=true/unwatched,5,237,2578627,1746568,20576,23271
warm-baseline,BenchmarkNativeCatalogProfileProjection/10000/owner=true/history,1,141,4354102,2153065,22587,25603
warm-baseline,BenchmarkNativeCatalogProfileProjection/10000/owner=true/history,2,100,5608359,2155691,22587,25603
warm-baseline,BenchmarkNativeCatalogProfileProjection/10000/owner=true/history,3,100,7409303,2156830,22588,25603
warm-baseline,BenchmarkNativeCatalogProfileProjection/10000/owner=true/history,4,100,5058334,2155691,22587,25603
warm-baseline,BenchmarkNativeCatalogProfileProjection/10000/owner=true/history,5,129,4461025,2156676,22588,25603
warm-baseline,BenchmarkNativeCatalogProfileProjection/10000/owner=true/exact,1,140,4200843,1455029,20082,354.0
warm-baseline,BenchmarkNativeCatalogProfileProjection/10000/owner=true/exact,2,158,3749204,1455019,20082,354.0
warm-baseline,BenchmarkNativeCatalogProfileProjection/10000/owner=true/exact,3,156,3832359,1455000,20082,354.0
warm-baseline,BenchmarkNativeCatalogProfileProjection/10000/owner=true/exact,4,145,4206189,1455027,20082,354.0
warm-baseline,BenchmarkNativeCatalogProfileProjection/10000/owner=true/exact,5,134,4378022,1454976,20082,354.0
warm-baseline,BenchmarkNativeCatalogProfileProjection/10000/owner=false/all,1,303,2028512,1225200,10476,19559
warm-baseline,BenchmarkNativeCatalogProfileProjection/10000/owner=false/all,2,320,1983366,1225415,10476,19559
warm-baseline,BenchmarkNativeCatalogProfileProjection/10000/owner=false/all,3,276,2067546,1225003,10476,19559
warm-baseline,BenchmarkNativeCatalogProfileProjection/10000/owner=false/all,4,312,2571825,1225450,10476,19559
warm-baseline,BenchmarkNativeCatalogProfileProjection/10000/owner=false/all,5,247,2227908,1225114,10476,19559
warm-baseline,BenchmarkNativeCatalogProfileProjection/10000/owner=false/movies,1,297,2038614,1224936,10476,19562
warm-baseline,BenchmarkNativeCatalogProfileProjection/10000/owner=false/movies,2,291,2016047,1224369,10476,19562
warm-baseline,BenchmarkNativeCatalogProfileProjection/10000/owner=false/movies,3,285,2229246,1224973,10476,19562
warm-baseline,BenchmarkNativeCatalogProfileProjection/10000/owner=false/movies,4,271,2781264,1225021,10476,19562
warm-baseline,BenchmarkNativeCatalogProfileProjection/10000/owner=false/movies,5,280,2110275,1224990,10476,19562
warm-baseline,BenchmarkNativeCatalogProfileProjection/10000/owner=false/list,1,338,1882986,1193854,10476,21600
warm-baseline,BenchmarkNativeCatalogProfileProjection/10000/owner=false/list,2,289,2066704,1193473,10476,21600
warm-baseline,BenchmarkNativeCatalogProfileProjection/10000/owner=false/list,3,256,2120387,1194589,10476,21600
warm-baseline,BenchmarkNativeCatalogProfileProjection/10000/owner=false/list,4,297,1977953,1193448,10476,21600
warm-baseline,BenchmarkNativeCatalogProfileProjection/10000/owner=false/list,5,301,1959740,1194003,10476,21600
warm-baseline,BenchmarkNativeCatalogProfileProjection/10000/owner=false/unwatched,1,319,1895939,1224616,10476,19253
warm-baseline,BenchmarkNativeCatalogProfileProjection/10000/owner=false/unwatched,2,285,2162896,1224383,10476,19253
warm-baseline,BenchmarkNativeCatalogProfileProjection/10000/owner=false/unwatched,3,278,2130215,1225618,10476,19253
warm-baseline,BenchmarkNativeCatalogProfileProjection/10000/owner=false/unwatched,4,279,2022868,1225612,10476,19253
warm-baseline,BenchmarkNativeCatalogProfileProjection/10000/owner=false/unwatched,5,300,2633195,1225504,10476,19253
warm-baseline,BenchmarkNativeCatalogProfileProjection/10000/owner=false/history,1,228,2526643,1430163,11487,21603
warm-baseline,BenchmarkNativeCatalogProfileProjection/10000/owner=false/history,2,249,2448932,1430066,11487,21603
warm-baseline,BenchmarkNativeCatalogProfileProjection/10000/owner=false/history,3,258,2528889,1430690,11487,21603
warm-baseline,BenchmarkNativeCatalogProfileProjection/10000/owner=false/history,4,189,3610450,1429948,11487,21603
warm-baseline,BenchmarkNativeCatalogProfileProjection/10000/owner=false/history,5,100,5257215,1429897,11487,21603
warm-baseline,BenchmarkNativeCatalogProfileProjection/10000/owner=false/exact,1,158,3574501,974885,10081,314.0
warm-baseline,BenchmarkNativeCatalogProfileProjection/10000/owner=false/exact,2,202,2896967,974899,10081,314.0
warm-baseline,BenchmarkNativeCatalogProfileProjection/10000/owner=false/exact,3,204,2814814,974898,10081,314.0
warm-baseline,BenchmarkNativeCatalogProfileProjection/10000/owner=false/exact,4,238,2410388,974898,10081,314.0
warm-baseline,BenchmarkNativeCatalogProfileProjection/10000/owner=false/exact,5,231,2502926,974913,10081,314.0
warm-baseline,BenchmarkNativeCatalogProfileProjection/100000/owner=true/all,1,13,40333651,15447569,200578,23563
warm-baseline,BenchmarkNativeCatalogProfileProjection/100000/owner=true/all,2,16,34881656,15460128,200580,23563
warm-baseline,BenchmarkNativeCatalogProfileProjection/100000/owner=true/all,3,15,36296681,15438775,200576,23563
warm-baseline,BenchmarkNativeCatalogProfileProjection/100000/owner=true/all,4,16,34142258,15445885,200577,23563
warm-baseline,BenchmarkNativeCatalogProfileProjection/100000/owner=true/all,5,16,35427547,15438763,200576,23563
warm-baseline,BenchmarkNativeCatalogProfileProjection/100000/owner=true/movies,1,14,42243726,15463206,200581,23566
warm-baseline,BenchmarkNativeCatalogProfileProjection/100000/owner=true/movies,2,8,64172698,15438946,200576,23566
warm-baseline,BenchmarkNativeCatalogProfileProjection/100000/owner=true/movies,3,13,42139913,15438804,200576,23566
warm-baseline,BenchmarkNativeCatalogProfileProjection/100000/owner=true/movies,4,13,40163779,15447569,200578,23566
warm-baseline,BenchmarkNativeCatalogProfileProjection/100000/owner=true/movies,5,13,39946920,15447569,200578,23566
warm-baseline,BenchmarkNativeCatalogProfileProjection/100000/owner=true/list,1,16,35382161,14809596,200577,25602
warm-baseline,BenchmarkNativeCatalogProfileProjection/100000/owner=true/list,2,12,47967611,14812031,200578,25602
warm-baseline,BenchmarkNativeCatalogProfileProjection/100000/owner=true/list,3,13,40340196,14828812,200582,25602
warm-baseline,BenchmarkNativeCatalogProfileProjection/100000/owner=true/list,4,18,33137655,14808945,200577,25602
warm-baseline,BenchmarkNativeCatalogProfileProjection/100000/owner=true/list,5,16,36079630,14823841,200580,25602
warm-baseline,BenchmarkNativeCatalogProfileProjection/100000/owner=true/unwatched,1,14,37109595,15356876,200576,23273
warm-baseline,BenchmarkNativeCatalogProfileProjection/100000/owner=true/unwatched,2,15,35306250,15372058,200579,23273
warm-baseline,BenchmarkNativeCatalogProfileProjection/100000/owner=true/unwatched,3,14,37776557,15356878,200576,23273
warm-baseline,BenchmarkNativeCatalogProfileProjection/100000/owner=true/unwatched,4,15,37168633,15356863,200576,23273
warm-baseline,BenchmarkNativeCatalogProfileProjection/100000/owner=true/unwatched,5,14,39459188,15365015,200578,23273
warm-baseline,BenchmarkNativeCatalogProfileProjection/100000/owner=true/history,1,12,47636465,19334479,220593,25605
warm-baseline,BenchmarkNativeCatalogProfileProjection/100000/owner=true/history,2,10,52578550,19306040,220587,25605
warm-baseline,BenchmarkNativeCatalogProfileProjection/100000/owner=true/history,3,8,66326677,19348841,220596,25605
warm-baseline,BenchmarkNativeCatalogProfileProjection/100000/owner=true/history,4,9,82037556,19318731,220590,25605
warm-baseline,BenchmarkNativeCatalogProfileProjection/100000/owner=true/history,5,12,48791340,19334478,220593,25605
warm-baseline,BenchmarkNativeCatalogProfileProjection/100000/owner=true/exact,1,13,44482987,14420659,200083,354.0
warm-baseline,BenchmarkNativeCatalogProfileProjection/100000/owner=true/exact,2,12,50214066,14420688,200083,354.0
warm-baseline,BenchmarkNativeCatalogProfileProjection/100000/owner=true/exact,3,9,69452560,14420810,200083,354.0
warm-baseline,BenchmarkNativeCatalogProfileProjection/100000/owner=true/exact,4,7,91875720,14421396,200088,354.0
warm-baseline,BenchmarkNativeCatalogProfileProjection/100000/owner=true/exact,5,9,57140222,14420637,200082,354.0
warm-baseline,BenchmarkNativeCatalogProfileProjection/100000/owner=false/all,1,20,26279973,10247080,100481,19561
warm-baseline,BenchmarkNativeCatalogProfileProjection/100000/owner=false/all,2,24,22308641,10233552,100477,19561
warm-baseline,BenchmarkNativeCatalogProfileProjection/100000/owner=false/all,3,27,20836096,10236408,100478,19561
warm-baseline,BenchmarkNativeCatalogProfileProjection/100000/owner=false/all,4,25,24677688,10233406,100477,19561
warm-baseline,BenchmarkNativeCatalogProfileProjection/100000/owner=false/all,5,24,23762312,10229999,100476,19561
warm-baseline,BenchmarkNativeCatalogProfileProjection/100000/owner=false/movies,1,20,25643354,10230023,100476,19564
warm-baseline,BenchmarkNativeCatalogProfileProjection/100000/owner=false/movies,2,21,26869210,10234078,100477,19564
warm-baseline,BenchmarkNativeCatalogProfileProjection/100000/owner=false/movies,3,24,24625318,10229999,100476,19564
warm-baseline,BenchmarkNativeCatalogProfileProjection/100000/owner=false/movies,4,21,29083835,10238138,100478,19564
warm-baseline,BenchmarkNativeCatalogProfileProjection/100000/owner=false/movies,5,21,30823669,10234077,100477,19564
warm-baseline,BenchmarkNativeCatalogProfileProjection/100000/owner=false/list,1,12,46463521,9926124,100480,21602
warm-baseline,BenchmarkNativeCatalogProfileProjection/100000/owner=false/list,2,15,41686544,9923234,100479,21602
warm-baseline,BenchmarkNativeCatalogProfileProjection/100000/owner=false/list,3,20,26228596,9916078,100477,21602
warm-baseline,BenchmarkNativeCatalogProfileProjection/100000/owner=false/list,4,21,26122935,9915869,100477,21602
warm-baseline,BenchmarkNativeCatalogProfileProjection/100000/owner=false/list,5,20,31758779,9916078,100477,21602
warm-baseline,BenchmarkNativeCatalogProfileProjection/100000/owner=false/unwatched,1,15,37014231,10194804,100477,19255
warm-baseline,BenchmarkNativeCatalogProfileProjection/100000/owner=false/unwatched,2,19,28421039,10202544,100480,19255
warm-baseline,BenchmarkNativeCatalogProfileProjection/100000/owner=false/unwatched,3,22,25121990,10196810,100478,19255
warm-baseline,BenchmarkNativeCatalogProfileProjection/100000/owner=false/unwatched,4,20,27742731,10193334,100477,19255
warm-baseline,BenchmarkNativeCatalogProfileProjection/100000/owner=false/unwatched,5,21,25901192,10201248,100479,19255
warm-baseline,BenchmarkNativeCatalogProfileProjection/100000/owner=false/history,1,16,37414042,12176843,110487,21605
warm-baseline,BenchmarkNativeCatalogProfileProjection/100000/owner=false/history,2,16,37028758,12187503,110490,21605
warm-baseline,BenchmarkNativeCatalogProfileProjection/100000/owner=false/history,3,16,35168648,12187503,110490,21605
warm-baseline,BenchmarkNativeCatalogProfileProjection/100000/owner=false/history,4,18,33475167,12181562,110488,21605
warm-baseline,BenchmarkNativeCatalogProfileProjection/100000/owner=false/history,5,15,36059678,12188225,110490,21605
warm-baseline,BenchmarkNativeCatalogProfileProjection/100000/owner=false/exact,1,14,37442973,9620651,100083,314.0
warm-baseline,BenchmarkNativeCatalogProfileProjection/100000/owner=false/exact,2,14,43377649,9620538,100082,314.0
warm-baseline,BenchmarkNativeCatalogProfileProjection/100000/owner=false/exact,3,12,45748358,9620722,100083,314.0
warm-baseline,BenchmarkNativeCatalogProfileProjection/100000/owner=false/exact,4,15,39908533,9620414,100081,314.0
warm-baseline,BenchmarkNativeCatalogProfileProjection/100000/owner=false/exact,5,13,39951628,9620804,100084,314.0
warm-candidate-reverse,BenchmarkNativeCatalogProfileProjection/10000/owner=true/all,1,271,2236035,390914,575,23561
warm-candidate-reverse,BenchmarkNativeCatalogProfileProjection/10000/owner=true/all,2,272,2282692,391333,575,23561
warm-candidate-reverse,BenchmarkNativeCatalogProfileProjection/10000/owner=true/all,3,276,2010852,391740,575,23561
warm-candidate-reverse,BenchmarkNativeCatalogProfileProjection/10000/owner=true/movies,1,249,2272952,391830,575,23564
warm-candidate-reverse,BenchmarkNativeCatalogProfileProjection/10000/owner=true/movies,2,264,2273949,392211,575,23564
warm-candidate-reverse,BenchmarkNativeCatalogProfileProjection/10000/owner=true/movies,3,258,3422818,390915,575,23564
warm-candidate-reverse,BenchmarkNativeCatalogProfileProjection/10000/owner=true/list,1,190,3382132,875406,10575,25600
warm-candidate-reverse,BenchmarkNativeCatalogProfileProjection/10000/owner=true/list,2,199,2939751,873606,10575,25600
warm-candidate-reverse,BenchmarkNativeCatalogProfileProjection/10000/owner=true/list,3,222,2532495,874631,10575,25600
warm-candidate-reverse,BenchmarkNativeCatalogProfileProjection/10000/owner=true/unwatched,1,100,6193860,870940,10575,23271
warm-candidate-reverse,BenchmarkNativeCatalogProfileProjection/10000/owner=true/unwatched,2,82,6759354,870947,10575,23271
warm-candidate-reverse,BenchmarkNativeCatalogProfileProjection/10000/owner=true/unwatched,3,160,3428343,871642,10575,23271
warm-candidate-reverse,BenchmarkNativeCatalogProfileProjection/10000/owner=true/history,1,139,4438354,1674716,12587,25603
warm-candidate-reverse,BenchmarkNativeCatalogProfileProjection/10000/owner=true/history,2,100,5005785,1674523,12587,25603
warm-candidate-reverse,BenchmarkNativeCatalogProfileProjection/10000/owner=true/history,3,116,4881865,1673222,12587,25603
warm-candidate-reverse,BenchmarkNativeCatalogProfileProjection/10000/owner=true/exact,1,132,4436136,175481,81,354.0
warm-candidate-reverse,BenchmarkNativeCatalogProfileProjection/10000/owner=true/exact,2,159,3547669,175495,81,354.0
warm-candidate-reverse,BenchmarkNativeCatalogProfileProjection/10000/owner=true/exact,3,182,3441057,175463,81,354.0
warm-candidate-reverse,BenchmarkNativeCatalogProfileProjection/10000/owner=false/all,1,345,1730616,384111,475,19559
warm-candidate-reverse,BenchmarkNativeCatalogProfileProjection/10000/owner=false/all,2,290,1811796,383617,475,19559
warm-candidate-reverse,BenchmarkNativeCatalogProfileProjection/10000/owner=false/all,3,351,1870861,383859,475,19559
warm-candidate-reverse,BenchmarkNativeCatalogProfileProjection/10000/owner=false/movies,1,328,1677142,383876,475,19562
warm-candidate-reverse,BenchmarkNativeCatalogProfileProjection/10000/owner=false/movies,2,406,1459829,384035,475,19562
warm-candidate-reverse,BenchmarkNativeCatalogProfileProjection/10000/owner=false/movies,3,362,1617469,384322,475,19562
warm-candidate-reverse,BenchmarkNativeCatalogProfileProjection/10000/owner=false/list,1,320,1968570,624897,5475,21600
warm-candidate-reverse,BenchmarkNativeCatalogProfileProjection/10000/owner=false/list,2,303,1789231,625178,5475,21600
warm-candidate-reverse,BenchmarkNativeCatalogProfileProjection/10000/owner=false/list,3,352,1911594,625873,5475,21600
warm-candidate-reverse,BenchmarkNativeCatalogProfileProjection/10000/owner=false/unwatched,1,134,3993713,625546,5475,19253
warm-candidate-reverse,BenchmarkNativeCatalogProfileProjection/10000/owner=false/unwatched,2,264,2089075,623626,5475,19253
warm-candidate-reverse,BenchmarkNativeCatalogProfileProjection/10000/owner=false/unwatched,3,280,2250938,624235,5475,19253
warm-candidate-reverse,BenchmarkNativeCatalogProfileProjection/10000/owner=false/history,1,196,2984162,1189917,6487,21603
warm-candidate-reverse,BenchmarkNativeCatalogProfileProjection/10000/owner=false/history,2,177,3463326,1191457,6487,21603
warm-candidate-reverse,BenchmarkNativeCatalogProfileProjection/10000/owner=false/history,3,162,3572954,1190086,6487,21603
warm-candidate-reverse,BenchmarkNativeCatalogProfileProjection/10000/owner=false/exact,1,172,3208436,175386,80,314.0
warm-candidate-reverse,BenchmarkNativeCatalogProfileProjection/10000/owner=false/exact,2,193,2962081,175374,80,314.0
warm-candidate-reverse,BenchmarkNativeCatalogProfileProjection/10000/owner=false/exact,3,229,2762165,175364,80,314.0
warm-candidate-reverse,BenchmarkNativeCatalogProfileProjection/100000/owner=true/all,1,30,21490619,1832791,575,23563
warm-candidate-reverse,BenchmarkNativeCatalogProfileProjection/100000/owner=true/all,2,32,19090548,1839907,576,23563
warm-candidate-reverse,BenchmarkNativeCatalogProfileProjection/100000/owner=true/all,3,38,16353445,1838768,576,23563
warm-candidate-reverse,BenchmarkNativeCatalogProfileProjection/100000/owner=true/movies,1,37,16398630,1835853,575,23566
warm-candidate-reverse,BenchmarkNativeCatalogProfileProjection/100000/owner=true/movies,2,38,15161995,1838768,576,23566
warm-candidate-reverse,BenchmarkNativeCatalogProfileProjection/100000/owner=true/movies,3,39,16009543,1835691,575,23566
warm-candidate-reverse,BenchmarkNativeCatalogProfileProjection/100000/owner=true/list,1,16,39763768,6642684,100576,25602
warm-candidate-reverse,BenchmarkNativeCatalogProfileProjection/100000/owner=true/list,2,14,36915684,6660007,100580,25602
warm-candidate-reverse,BenchmarkNativeCatalogProfileProjection/100000/owner=true/list,3,20,30677275,6635528,100575,25602
warm-candidate-reverse,BenchmarkNativeCatalogProfileProjection/100000/owner=true/unwatched,1,15,43404675,6655685,100580,23273
warm-candidate-reverse,BenchmarkNativeCatalogProfileProjection/100000/owner=true/unwatched,2,15,36679578,6632895,100575,23273
warm-candidate-reverse,BenchmarkNativeCatalogProfileProjection/100000/owner=true/unwatched,3,18,31226528,6645524,100578,23273
warm-candidate-reverse,BenchmarkNativeCatalogProfileProjection/100000/owner=true/history,1,13,41143747,14514739,120589,25605
warm-candidate-reverse,BenchmarkNativeCatalogProfileProjection/100000/owner=true/history,2,9,73473935,14518731,120590,25605
warm-candidate-reverse,BenchmarkNativeCatalogProfileProjection/100000/owner=true/history,3,8,69440698,14534598,120593,25605
warm-candidate-reverse,BenchmarkNativeCatalogProfileProjection/100000/owner=true/exact,1,9,59091593,1617614,81,354.0
warm-candidate-reverse,BenchmarkNativeCatalogProfileProjection/100000/owner=true/exact,2,10,50178446,1617680,82,354.0
warm-candidate-reverse,BenchmarkNativeCatalogProfileProjection/100000/owner=true/exact,3,8,63437812,1617791,83,354.0
warm-candidate-reverse,BenchmarkNativeCatalogProfileProjection/100000/owner=false/all,1,28,19187832,1834639,477,19561
warm-candidate-reverse,BenchmarkNativeCatalogProfileProjection/100000/owner=false/all,2,37,14728082,1827782,475,19561
warm-candidate-reverse,BenchmarkNativeCatalogProfileProjection/100000/owner=false/all,3,34,16243847,1827993,475,19561
warm-candidate-reverse,BenchmarkNativeCatalogProfileProjection/100000/owner=false/movies,1,34,16364706,1830500,476,19564
warm-candidate-reverse,BenchmarkNativeCatalogProfileProjection/100000/owner=false/movies,2,37,19797416,1827782,475,19564
warm-candidate-reverse,BenchmarkNativeCatalogProfileProjection/100000/owner=false/movies,3,30,24141279,1828337,475,19564
warm-candidate-reverse,BenchmarkNativeCatalogProfileProjection/100000/owner=false/list,1,28,20169961,4232873,50476,21602
warm-candidate-reverse,BenchmarkNativeCatalogProfileProjection/100000/owner=false/list,2,24,23313278,4230352,50476,21602
warm-candidate-reverse,BenchmarkNativeCatalogProfileProjection/100000/owner=false/list,3,26,21700383,4233350,50477,21602
warm-candidate-reverse,BenchmarkNativeCatalogProfileProjection/100000/owner=false/unwatched,1,21,24198556,4233666,50477,19255
warm-candidate-reverse,BenchmarkNativeCatalogProfileProjection/100000/owner=false/unwatched,2,26,25422902,4228798,50476,19255
warm-candidate-reverse,BenchmarkNativeCatalogProfileProjection/100000/owner=false/unwatched,3,19,28793601,4225559,50475,19255
warm-candidate-reverse,BenchmarkNativeCatalogProfileProjection/100000/owner=false/history,1,14,36029417,9782960,60489,21605
warm-candidate-reverse,BenchmarkNativeCatalogProfileProjection/100000/owner=false/history,2,14,49166545,9789051,60490,21605
warm-candidate-reverse,BenchmarkNativeCatalogProfileProjection/100000/owner=false/history,3,13,45093221,9783444,60489,21605
warm-candidate-reverse,BenchmarkNativeCatalogProfileProjection/100000/owner=false/exact,1,19,30236498,1617376,80,314.0
warm-candidate-reverse,BenchmarkNativeCatalogProfileProjection/100000/owner=false/exact,2,19,29945250,1617458,81,314.0
warm-candidate-reverse,BenchmarkNativeCatalogProfileProjection/100000/owner=false/exact,3,19,26484978,1617376,80,314.0
warm-candidate,BenchmarkNativeCatalogProfileProjection/10000/owner=true/all,1,324,1635038,391264,575,23561
warm-candidate,BenchmarkNativeCatalogProfileProjection/10000/owner=true/all,2,315,1839471,391636,575,23561
warm-candidate,BenchmarkNativeCatalogProfileProjection/10000/owner=true/all,3,183,2813341,392165,575,23561
warm-candidate,BenchmarkNativeCatalogProfileProjection/10000/owner=true/all,4,200,2798651,390918,575,23561
warm-candidate,BenchmarkNativeCatalogProfileProjection/10000/owner=true/all,5,326,1671200,391611,575,23561
warm-candidate,BenchmarkNativeCatalogProfileProjection/10000/owner=true/movies,1,368,1730936,391531,575,23564
warm-candidate,BenchmarkNativeCatalogProfileProjection/10000/owner=true/movies,2,270,2752629,391336,575,23564
warm-candidate,BenchmarkNativeCatalogProfileProjection/10000/owner=true/movies,3,242,2091173,390915,575,23564
warm-candidate,BenchmarkNativeCatalogProfileProjection/10000/owner=true/movies,4,361,2147608,391543,575,23564
warm-candidate,BenchmarkNativeCatalogProfileProjection/10000/owner=true/movies,5,256,2169430,391805,575,23564
warm-candidate,BenchmarkNativeCatalogProfileProjection/10000/owner=true/list,1,226,2940931,874108,10575,25600
warm-candidate,BenchmarkNativeCatalogProfileProjection/10000/owner=true/list,2,166,3362249,874295,10575,25600
warm-candidate,BenchmarkNativeCatalogProfileProjection/10000/owner=true/list,3,172,3362974,874271,10575,25600
warm-candidate,BenchmarkNativeCatalogProfileProjection/10000/owner=true/list,4,189,3126589,875415,10575,25600
warm-candidate,BenchmarkNativeCatalogProfileProjection/10000/owner=true/list,5,214,2588973,873605,10575,25600
warm-candidate,BenchmarkNativeCatalogProfileProjection/10000/owner=true/unwatched,1,133,4428490,872647,10575,23271
warm-candidate,BenchmarkNativeCatalogProfileProjection/10000/owner=true/unwatched,2,126,4674825,871839,10575,23271
warm-candidate,BenchmarkNativeCatalogProfileProjection/10000/owner=true/unwatched,3,140,4352485,872560,10575,23271
warm-candidate,BenchmarkNativeCatalogProfileProjection/10000/owner=true/unwatched,4,135,4390523,873465,10575,23271
warm-candidate,BenchmarkNativeCatalogProfileProjection/10000/owner=true/unwatched,5,120,4950219,873784,10575,23271
warm-candidate,BenchmarkNativeCatalogProfileProjection/10000/owner=true/history,1,80,6928243,1672251,12587,25603
warm-candidate,BenchmarkNativeCatalogProfileProjection/10000/owner=true/history,2,94,8802277,1674670,12587,25603
warm-candidate,BenchmarkNativeCatalogProfileProjection/10000/owner=true/history,3,92,7677547,1673485,12587,25603
warm-candidate,BenchmarkNativeCatalogProfileProjection/10000/owner=true/history,4,94,7383881,1674670,12587,25603
warm-candidate,BenchmarkNativeCatalogProfileProjection/10000/owner=true/history,5,84,7408577,1674963,12587,25603
warm-candidate,BenchmarkNativeCatalogProfileProjection/10000/owner=true/exact,1,123,5042909,175492,81,354.0
warm-candidate,BenchmarkNativeCatalogProfileProjection/10000/owner=true/exact,2,80,6632590,175483,81,354.0
warm-candidate,BenchmarkNativeCatalogProfileProjection/10000/owner=true/exact,3,96,5807980,175526,81,354.0
warm-candidate,BenchmarkNativeCatalogProfileProjection/10000/owner=true/exact,4,100,6647960,175507,81,354.0
warm-candidate,BenchmarkNativeCatalogProfileProjection/10000/owner=true/exact,5,100,6662708,175492,81,354.0
warm-candidate,BenchmarkNativeCatalogProfileProjection/10000/owner=false/all,1,120,4522844,385053,475,19559
warm-candidate,BenchmarkNativeCatalogProfileProjection/10000/owner=false/all,2,261,2507785,383945,475,19559
warm-candidate,BenchmarkNativeCatalogProfileProjection/10000/owner=false/all,3,144,3756767,384812,475,19559
warm-candidate,BenchmarkNativeCatalogProfileProjection/10000/owner=false/all,4,204,3259419,384458,475,19559
warm-candidate,BenchmarkNativeCatalogProfileProjection/10000/owner=false/all,5,225,2486941,383620,475,19559
warm-candidate,BenchmarkNativeCatalogProfileProjection/10000/owner=false/movies,1,238,2827951,384336,475,19562
warm-candidate,BenchmarkNativeCatalogProfileProjection/10000/owner=false/movies,2,223,3312947,383620,475,19562
warm-candidate,BenchmarkNativeCatalogProfileProjection/10000/owner=false/movies,3,166,3367420,383625,475,19562
warm-candidate,BenchmarkNativeCatalogProfileProjection/10000/owner=false/movies,4,248,2585295,383619,475,19562
warm-candidate,BenchmarkNativeCatalogProfileProjection/10000/owner=false/movies,5,166,3203087,384652,475,19562
warm-candidate,BenchmarkNativeCatalogProfileProjection/10000/owner=false/list,1,175,3759418,625879,5475,21600
warm-candidate,BenchmarkNativeCatalogProfileProjection/10000/owner=false/list,2,151,3740598,624907,5475,21600
warm-candidate,BenchmarkNativeCatalogProfileProjection/10000/owner=false/list,3,129,5090758,625571,5475,21600
warm-candidate,BenchmarkNativeCatalogProfileProjection/10000/owner=false/list,4,148,4119354,626636,5475,21600
warm-candidate,BenchmarkNativeCatalogProfileProjection/10000/owner=false/list,5,100,5254051,625767,5475,21600
warm-candidate,BenchmarkNativeCatalogProfileProjection/10000/owner=false/unwatched,1,100,6629815,623644,5475,19253
warm-candidate,BenchmarkNativeCatalogProfileProjection/10000/owner=false/unwatched,2,100,5554551,625350,5475,19253
warm-candidate,BenchmarkNativeCatalogProfileProjection/10000/owner=false/unwatched,3,104,5329615,624463,5475,19253
warm-candidate,BenchmarkNativeCatalogProfileProjection/10000/owner=false/unwatched,4,100,5259263,625350,5475,19253
warm-candidate,BenchmarkNativeCatalogProfileProjection/10000/owner=false/unwatched,5,72,7268240,624840,5475,19253
warm-candidate,BenchmarkNativeCatalogProfileProjection/10000/owner=false/history,1,93,6583615,1189963,6487,21603
warm-candidate,BenchmarkNativeCatalogProfileProjection/10000/owner=false/history,2,69,8010392,1190293,6487,21603
warm-candidate,BenchmarkNativeCatalogProfileProjection/10000/owner=false/history,3,99,7179484,1190767,6487,21603
warm-candidate,BenchmarkNativeCatalogProfileProjection/10000/owner=false/history,4,100,7090192,1189897,6487,21603
warm-candidate,BenchmarkNativeCatalogProfileProjection/10000/owner=false/history,5,85,6067096,1190052,6487,21603
warm-candidate,BenchmarkNativeCatalogProfileProjection/10000/owner=false/exact,1,111,4737588,175405,80,314.0
warm-candidate,BenchmarkNativeCatalogProfileProjection/10000/owner=false/exact,2,100,6581852,175380,80,314.0
warm-candidate,BenchmarkNativeCatalogProfileProjection/10000/owner=false/exact,3,100,5503518,175396,80,314.0
warm-candidate,BenchmarkNativeCatalogProfileProjection/10000/owner=false/exact,4,100,5746220,175411,80,314.0
warm-candidate,BenchmarkNativeCatalogProfileProjection/10000/owner=false/exact,5,100,7261142,175411,80,314.0
warm-candidate,BenchmarkNativeCatalogProfileProjection/100000/owner=true/all,1,19,30062890,1838844,576,23563
warm-candidate,BenchmarkNativeCatalogProfileProjection/100000/owner=true/all,2,20,36098898,1838537,576,23563
warm-candidate,BenchmarkNativeCatalogProfileProjection/100000/owner=true/all,3,18,32437655,1832855,575,23563
warm-candidate,BenchmarkNativeCatalogProfileProjection/100000/owner=true/all,4,22,27796354,1838005,576,23563
warm-candidate,BenchmarkNativeCatalogProfileProjection/100000/owner=true/all,5,22,25072970,1838005,576,23563
warm-candidate,BenchmarkNativeCatalogProfileProjection/100000/owner=true/movies,1,26,23144216,1841572,577,23566
warm-candidate,BenchmarkNativeCatalogProfileProjection/100000/owner=true/movies,2,26,22512838,1832806,575,23566
warm-candidate,BenchmarkNativeCatalogProfileProjection/100000/owner=true/movies,3,26,22113324,1837188,576,23566
warm-candidate,BenchmarkNativeCatalogProfileProjection/100000/owner=true/movies,4,33,15775482,1836235,575,23566
warm-candidate,BenchmarkNativeCatalogProfileProjection/100000/owner=true/movies,5,36,17042631,1839106,576,23566
warm-candidate,BenchmarkNativeCatalogProfileProjection/100000/owner=true/list,1,19,28490149,6635535,100575,25602
warm-candidate,BenchmarkNativeCatalogProfileProjection/100000/owner=true/list,2,19,26662357,6641532,100576,25602
warm-candidate,BenchmarkNativeCatalogProfileProjection/100000/owner=true/list,3,18,34909398,6648204,100578,25602
warm-candidate,BenchmarkNativeCatalogProfileProjection/100000/owner=true/list,4,16,34314800,6642684,100576,25602
warm-candidate,BenchmarkNativeCatalogProfileProjection/100000/owner=true/list,5,15,36178433,6650769,100578,25602
warm-candidate,BenchmarkNativeCatalogProfileProjection/100000/owner=true/unwatched,1,10,51665042,6644386,100577,23273
warm-candidate,BenchmarkNativeCatalogProfileProjection/100000/owner=true/unwatched,2,14,44367908,6641047,100577,23273
warm-candidate,BenchmarkNativeCatalogProfileProjection/100000/owner=true/unwatched,3,10,50608183,6655780,100580,23273
warm-candidate,BenchmarkNativeCatalogProfileProjection/100000/owner=true/unwatched,4,12,53302455,6632942,100575,23273
warm-candidate,BenchmarkNativeCatalogProfileProjection/100000/owner=true/unwatched,5,12,49005417,6651934,100579,23273
warm-candidate,BenchmarkNativeCatalogProfileProjection/100000/owner=true/history,1,8,82181385,14520353,120590,25605
warm-candidate,BenchmarkNativeCatalogProfileProjection/100000/owner=true/history,2,9,65989500,14531393,120593,25605
warm-candidate,BenchmarkNativeCatalogProfileProjection/100000/owner=true/history,3,8,63974594,14506110,120587,25605
warm-candidate,BenchmarkNativeCatalogProfileProjection/100000/owner=true/history,4,8,86754359,14506112,120587,25605
warm-candidate,BenchmarkNativeCatalogProfileProjection/100000/owner=true/history,5,8,63811875,14506112,120587,25605
warm-candidate,BenchmarkNativeCatalogProfileProjection/100000/owner=true/exact,1,12,53350031,1617520,81,354.0
warm-candidate,BenchmarkNativeCatalogProfileProjection/100000/owner=true/exact,2,10,54547704,1617524,81,354.0
warm-candidate,BenchmarkNativeCatalogProfileProjection/100000/owner=true/exact,3,12,58864934,1617607,82,354.0
warm-candidate,BenchmarkNativeCatalogProfileProjection/100000/owner=true/exact,4,9,62996532,1617904,84,354.0
warm-candidate,BenchmarkNativeCatalogProfileProjection/100000/owner=true/exact,5,10,60171442,1617680,82,354.0
warm-candidate,BenchmarkNativeCatalogProfileProjection/100000/owner=false/all,1,25,21358568,1825514,475,19561
warm-candidate,BenchmarkNativeCatalogProfileProjection/100000/owner=false/all,2,22,25744025,1837159,478,19561
warm-candidate,BenchmarkNativeCatalogProfileProjection/100000/owner=false/all,3,25,22076590,1828925,476,19561
warm-candidate,BenchmarkNativeCatalogProfileProjection/100000/owner=false/all,4,27,22620474,1831822,476,19561
warm-candidate,BenchmarkNativeCatalogProfileProjection/100000/owner=false/all,5,30,22325928,1828337,475,19561
warm-candidate,BenchmarkNativeCatalogProfileProjection/100000/owner=false/movies,1,31,20479984,1833745,477,19564
warm-candidate,BenchmarkNativeCatalogProfileProjection/100000/owner=false/movies,2,28,21274143,1831593,476,19564
warm-candidate,BenchmarkNativeCatalogProfileProjection/100000/owner=false/movies,3,27,21480417,1828664,476,19564
warm-candidate,BenchmarkNativeCatalogProfileProjection/100000/owner=false/movies,4,20,27544640,1825543,475,19564
warm-candidate,BenchmarkNativeCatalogProfileProjection/100000/owner=false/movies,5,22,23929477,1825530,475,19564
warm-candidate,BenchmarkNativeCatalogProfileProjection/100000/owner=false/list,1,19,33524998,4231319,50476,21602
warm-candidate,BenchmarkNativeCatalogProfileProjection/100000/owner=false/list,2,19,31313895,4231319,50476,21602
warm-candidate,BenchmarkNativeCatalogProfileProjection/100000/owner=false/list,3,18,28328806,4231576,50476,21602
warm-candidate,BenchmarkNativeCatalogProfileProjection/100000/owner=false/list,4,14,39422735,4239067,50478,21602
warm-candidate,BenchmarkNativeCatalogProfileProjection/100000/owner=false/list,5,16,34695648,4226859,50475,21602
warm-candidate,BenchmarkNativeCatalogProfileProjection/100000/owner=false/unwatched,1,14,36861062,4225612,50475,19255
warm-candidate,BenchmarkNativeCatalogProfileProjection/100000/owner=false/unwatched,2,16,34358130,4236247,50478,19255
warm-candidate,BenchmarkNativeCatalogProfileProjection/100000/owner=false/unwatched,3,15,40518697,4231284,50476,19255
warm-candidate,BenchmarkNativeCatalogProfileProjection/100000/owner=false/unwatched,4,15,37889744,4231284,50476,19255
warm-candidate,BenchmarkNativeCatalogProfileProjection/100000/owner=false/unwatched,5,14,39749717,4237796,50478,19255
warm-candidate,BenchmarkNativeCatalogProfileProjection/100000/owner=false/history,1,13,58021676,9783444,60489,21605
warm-candidate,BenchmarkNativeCatalogProfileProjection/100000/owner=false/history,2,9,59062963,9786457,60490,21605
warm-candidate,BenchmarkNativeCatalogProfileProjection/100000/owner=false/history,3,12,49004163,9784008,60489,21605
warm-candidate,BenchmarkNativeCatalogProfileProjection/100000/owner=false/history,4,14,40304009,9782960,60489,21605
warm-candidate,BenchmarkNativeCatalogProfileProjection/100000/owner=false/history,5,14,49472988,9776869,60487,21605
warm-candidate,BenchmarkNativeCatalogProfileProjection/100000/owner=false/exact,1,14,41829095,1617458,81,314.0
warm-candidate,BenchmarkNativeCatalogProfileProjection/100000/owner=false/exact,2,18,31928035,1617388,80,314.0
warm-candidate,BenchmarkNativeCatalogProfileProjection/100000/owner=false/exact,3,16,33687948,1617420,81,314.0
warm-candidate,BenchmarkNativeCatalogProfileProjection/100000/owner=false/exact,4,15,36731556,1617438,81,314.0
warm-candidate,BenchmarkNativeCatalogProfileProjection/100000/owner=false/exact,5,13,42732599,1617483,81,314.0
