sha256	path
7324915c23d449916ea87e3d6d5e3eed8c6a4a684b17ed75dd128cf9cd1ee835	apps/player/apps/android/app/src/androidTest/java/com/kinosail/player/core/NativeParityJourneyTest.kt
05a1cac59db115304a0dd78f74147c79313694214af94c4ad0ddb7f1d1c8bd9a	apps/player/apps/android/app/src/androidTest/java/com/kinosail/player/core/RenderedTextContrast.kt
00b7964222641bab920e2fe77d293bcb393fa30c105a7833a8c70a5b20fd58fc	apps/player/apps/android/app/src/main/java/com/kinosail/player/core/CatalogModel.kt
513ee58a7629d03f5ef2b4fe27657ddaaced0fcaf4fd785c6831747ff798dc27	apps/player/apps/android/app/src/main/java/com/kinosail/player/mobile/MobileLibrary.kt
929f38f15987bc17d8175e9f7c07ef0c8a2adaf01bafbe799e0237af43a2ff68	apps/player/apps/android/app/src/main/java/com/kinosail/player/tv/TvLibrary.kt
31f251582fd2b01ca8c582b1736183642dbdcd0e44b6a734415d3edbc0abe0f0	apps/player/e2e/layout-audit-player.spec.ts
8be0672dcd6c0eb7c882d6e3a63da170c44cb2b3123264b07fc5603c9f85a36a	apps/player/e2e/loading-review.spec.ts
7ed007c89db5aaf620ee3cadad0a36f95701a253f82bdaf60137a640235cc1f2	apps/player/e2e/masthead-spacing.spec.ts
6c3e7706723d01ade2d63773c07926f6380d16a130ebfcfb24624c0649979adf	apps/player/e2e/playback-pause-repro.spec.ts
686049a53b1489aac821319649afd0c0012dffb7c12a9166b975c1e66b4794d5	apps/player/e2e/playback-startup.spec.ts
95fcb507a08559157ed3075679259e17cbaaa20f92b40c3abca1749a9c60866d	apps/player/internal/server/static/home.css
4c99431af8e2d24e2a5e7f444dd8f59c22a10aae2d09ba1f1e0c758a451b39ae	apps/subtitles/e2e/subtitle-defaults-tests.ts
e94ab851b26d4f5db68d5fa7e810ee47ac2e7c29266d12169eb029efd13d37c0	packages/webassets/static/player-presentation.js
